type,instance,LR value,LR opt,Gurobi value,Gurobi opt,Cplex value,Cplex opt
JobsCorre,1011,5485,1,5485,1,5485,1
JobsCorre,1012,5300,0,5291,1,5291,1
JobsCorre,1013,5228,0,5222,1,5223,0
JobsCorre,1014,5404,0,5401,1,5401,1
JobsCorre,1015,5266,0,5257,1,5257,1
JobsCorre,1016,5339,1,5339,1,5339,1
JobsCorre,1017,5213,0,5207,1,5208,0
JobsCorre,1018,5343,0,5335,1,5336,0
JobsCorre,1019,5236,1,5236,1,5237,0
JobsCorre,1020,5146,1,5146,1,5146,1
JobsCorre,1021,2610,0,2603,0,2604,0
JobsCorre,1022,2587,0,2580,0,2581,0
JobsCorre,1023,2532,0,2522,0,2523,0
JobsCorre,1024,2630,0,2621,0,2622,0
JobsCorre,1025,2562,0,2554,0,2555,0
JobsCorre,1026,2613,0,2606,0,2608,0
JobsCorre,1027,2667,0,2658,0,2659,0
JobsCorre,1028,2583,0,2575,0,2577,0
JobsCorre,1029,2622,0,2613,0,2615,0
JobsCorre,1030,2536,0,2534,0,2535,0
JobsCorre,1031,1740,0,1735,0,1734,0
JobsCorre,1032,1751,0,1743,0,1744,0
JobsCorre,1033,1700,0,1693,0,1695,0
JobsCorre,1034,1739,0,1733,0,1735,0
JobsCorre,1035,1717,0,1709,0,1712,0
JobsCorre,1036,1712,0,1707,0,1707,0
JobsCorre,1037,1703,0,1696,0,1697,0
JobsCorre,1038,1766,0,1761,0,1761,0
JobsCorre,1039,1721,0,1716,0,1717,0
JobsCorre,1040,1721,0,1712,0,1715,0
JobsCorre,1041,1335,0,1331,0,1332,0
JobsCorre,1042,1339,0,1337,0,1336,0
JobsCorre,1043,1264,0,1260,0,1261,0
JobsCorre,1044,1338,0,1334,0,1334,0
JobsCorre,1045,1273,0,1269,0,1269,0
JobsCorre,1046,1253,0,1249,0,1248,0
JobsCorre,1047,1320,0,1315,0,1316,0
JobsCorre,1048,1321,0,1317,0,1318,0
JobsCorre,1049,1319,0,1316,0,1314,0
JobsCorre,1050,1291,0,1288,0,1288,0
JobsCorre,1051,1024,0,1021,0,1024,0
JobsCorre,1052,1034,0,1032,0,1032,0
JobsCorre,1053,1034,0,1030,0,1032,0
JobsCorre,1054,1005,0,1002,0,1002,0
JobsCorre,1055,1020,0,1018,0,1019,0
JobsCorre,1056,1027,0,1024,0,1025,0
JobsCorre,1057,1066,0,1064,0,1063,0
JobsCorre,1058,1033,0,1028,0,1029,0
JobsCorre,1059,1050,0,1049,0,1050,0
JobsCorre,1060,1034,0,1031,0,1031,0
JobsCorre,111,504,1,505,0,505,0
JobsCorre,112,515,1,516,0,516,0
JobsCorre,113,553,1,554,0,554,0
JobsCorre,114,551,1,552,0,553,0
JobsCorre,115,560,1,561,0,562,0
JobsCorre,116,508,1,509,0,508,0
JobsCorre,117,505,1,506,0,506,0
JobsCorre,118,508,1,509,0,508,0
JobsCorre,119,528,1,529,0,529,0
JobsCorre,120,490,1,490,0,490,0
JobsCorre,121,256,1,259,0,258,0
JobsCorre,122,255,1,257,0,258,0
JobsCorre,123,270,1,272,0,272,0
JobsCorre,124,289,1,292,0,292,0
JobsCorre,125,283,1,287,0,287,0
JobsCorre,126,262,1,263,0,263,0
JobsCorre,127,269,1,273,0,272,0
JobsCorre,128,284,1,286,0,286,0
JobsCorre,129,270,1,273,0,272,0
JobsCorre,130,231,1,234,0,234,0
JobsCorre,131,175,1,178,0,179,0
JobsCorre,132,171,1,174,0,176,0
JobsCorre,133,180,1,183,0,184,0
JobsCorre,134,171,1,173,0,175,0
JobsCorre,135,167,1,169,0,170,0
JobsCorre,136,162,1,164,0,165,0
JobsCorre,137,170,1,174,0,173,0
JobsCorre,138,167,1,171,0,171,0
JobsCorre,139,182,1,186,0,187,0
JobsCorre,140,177,1,181,0,182,0
JobsCorre,141,141,1,145,0,147,0
JobsCorre,142,127,1,130,0,132,0
JobsCorre,143,149,1,151,0,153,0
JobsCorre,144,138,1,141,0,142,0
JobsCorre,145,137,1,140,0,142,0
JobsCorre,146,141,1,143,0,144,0
JobsCorre,147,121,1,124,0,126,0
JobsCorre,148,135,1,138,0,140,0
JobsCorre,149,123,1,126,0,128,0
JobsCorre,150,131,1,134,0,135,0
JobsCorre,151,101,1,101,1,104,0
JobsCorre,152,110,1,113,0,113,0
JobsCorre,153,114,1,114,0,118,0
JobsCorre,154,114,1,114,1,116,0
JobsCorre,155,100,1,103,0,105,0
JobsCorre,156,113,1,113,1,115,0
JobsCorre,157,124,1,126,0,127,0
JobsCorre,158,113,1,116,0,116,0
JobsCorre,159,103,1,107,0,109,0
JobsCorre,160,101,1,104,0,106,0
JobsCorre,211,1120,1,1120,0,1121,0
JobsCorre,212,1063,1,1063,0,1063,0
JobsCorre,213,1094,1,1095,0,1095,0
JobsCorre,214,1099,1,1100,0,1100,0
JobsCorre,215,1013,1,1014,0,1014,0
JobsCorre,216,1070,1,1071,0,1071,0
JobsCorre,217,969,1,970,0,970,0
JobsCorre,218,1102,1,1104,0,1104,0
JobsCorre,219,1037,1,1038,0,1039,0
JobsCorre,220,1085,1,1086,0,1087,0
JobsCorre,221,515,0,515,0,515,0
JobsCorre,222,519,0,518,0,518,0
JobsCorre,223,558,0,559,0,560,0
JobsCorre,224,570,0,569,0,569,0
JobsCorre,225,560,0,560,0,560,0
JobsCorre,226,535,0,535,0,534,0
JobsCorre,227,511,0,510,0,510,0
JobsCorre,228,526,0,525,0,525,0
JobsCorre,229,502,0,502,0,502,0
JobsCorre,230,525,0,525,0,524,0
JobsCorre,231,351,0,354,0,353,0
JobsCorre,232,355,0,357,0,355,0
JobsCorre,233,337,0,337,0,337,0
JobsCorre,234,356,0,356,0,357,0
JobsCorre,235,319,0,318,0,320,0
JobsCorre,236,348,0,349,0,348,0
JobsCorre,237,359,0,359,0,360,0
JobsCorre,238,357,0,359,0,358,0
JobsCorre,239,346,0,348,0,348,0
JobsCorre,240,342,0,343,0,341,0
JobsCorre,241,250,0,251,0,251,0
JobsCorre,242,260,0,261,0,262,0
JobsCorre,243,257,0,258,0,258,0
JobsCorre,244,266,0,267,0,267,0
JobsCorre,245,263,0,266,0,264,0
JobsCorre,246,263,0,264,0,266,0
JobsCorre,247,267,0,268,0,272,0
JobsCorre,248,245,0,247,0,251,0
JobsCorre,249,257,0,258,0,259,0
JobsCorre,250,240,0,240,0,242,0
JobsCorre,251,223,0,225,0,225,0
JobsCorre,252,210,0,211,0,213,0
JobsCorre,253,216,0,217,0,218,0
JobsCorre,254,211,0,211,0,214,0
JobsCorre,255,200,0,201,0,203,0
JobsCorre,256,192,0,193,0,194,0
JobsCorre,257,222,0,223,0,225,0
JobsCorre,258,205,0,206,0,208,0
JobsCorre,259,202,0,204,0,205,0
JobsCorre,260,221,0,222,0,228,0
JobsCorre,511,2600,1,2601,0,2602,0
JobsCorre,512,2642,1,2642,1,2643,0
JobsCorre,513,2679,1,2681,0,2680,0
JobsCorre,514,2752,1,2753,0,2753,0
JobsCorre,515,2596,1,2597,0,2597,0
JobsCorre,516,2611,1,2611,1,2612,0
JobsCorre,517,2521,1,2522,0,2522,0
JobsCorre,518,2639,0,2639,0,2639,0
JobsCorre,519,2710,1,2710,1,2711,0
JobsCorre,520,2630,1,2630,1,2631,0
JobsCorre,521,1276,0,1276,0,1274,0
JobsCorre,522,1299,0,1295,0,1296,0
JobsCorre,523,1325,0,1322,0,1323,0
JobsCorre,524,1357,0,1358,0,1358,0
JobsCorre,525,1332,0,1330,0,1330,0
JobsCorre,526,1289,0,1285,0,1286,0
JobsCorre,527,1341,0,1336,0,1336,0
JobsCorre,528,1298,0,1293,0,1293,0
JobsCorre,529,1280,0,1279,0,1278,0
JobsCorre,530,1288,0,1283,0,1284,0
JobsCorre,531,893,0,888,0,889,0
JobsCorre,532,842,0,837,0,838,0
JobsCorre,533,869,0,865,0,867,0
JobsCorre,534,861,0,860,0,860,0
JobsCorre,535,900,0,895,0,898,0
JobsCorre,536,886,0,883,0,885,0
JobsCorre,537,849,0,844,0,844,0
JobsCorre,538,841,0,838,0,839,0
JobsCorre,539,869,0,866,0,865,0
JobsCorre,540,873,0,869,0,869,0
JobsCorre,541,663,0,658,0,661,0
JobsCorre,542,662,0,658,0,660,0
JobsCorre,543,642,0,640,0,643,0
JobsCorre,544,655,0,651,0,655,0
JobsCorre,545,679,0,677,0,679,0
JobsCorre,546,653,0,653,0,652,0
JobsCorre,547,672,0,668,0,670,0
JobsCorre,548,643,0,640,0,641,0
JobsCorre,549,630,0,626,0,629,0
JobsCorre,550,625,0,621,0,623,0
JobsCorre,551,511,0,507,0,511,0
JobsCorre,552,531,0,528,0,533,0
JobsCorre,553,525,0,522,0,527,0
JobsCorre,554,519,0,516,0,520,0
JobsCorre,555,539,0,535,0,540,0
JobsCorre,556,527,0,524,0,528,0
JobsCorre,557,517,0,515,0,518,0
JobsCorre,558,537,0,533,0,536,0
JobsCorre,559,532,0,531,0,532,0
JobsCorre,560,523,0,520,0,521,0
MaqCorre,1011,2545,1,2545,1,2546,0
MaqCorre,1012,3536,1,3536,1,3537,0
MaqCorre,1013,2038,1,2040,0,2040,0
MaqCorre,1014,4309,1,4309,0,4313,0
MaqCorre,1015,2646,1,2647,0,2649,0
MaqCorre,1016,6284,1,6284,0,6286,0
MaqCorre,1017,3576,1,3576,1,3582,0
MaqCorre,1018,2821,1,2822,0,2822,0
MaqCorre,1019,3037,1,3037,1,3037,0
MaqCorre,1020,5671,1,5672,0,5672,0
MaqCorre,1021,1045,0,1044,1,1045,0
MaqCorre,1022,985,1,985,1,985,0
MaqCorre,1023,2043,0,2042,0,2044,0
MaqCorre,1024,1050,1,1051,0,1051,0
MaqCorre,1025,1683,0,1678,0,1682,0
MaqCorre,1026,1274,0,1274,0,1274,0
MaqCorre,1027,857,1,858,0,858,0
MaqCorre,1028,1236,0,1234,0,1237,0
MaqCorre,1029,2581,0,2578,1,2582,0
MaqCorre,1030,1236,0,1235,1,1235,0
MaqCorre,1031,1267,0,1264,1,1265,0
MaqCorre,1032,903,0,901,0,901,0
MaqCorre,1033,752,1,752,1,752,0
MaqCorre,1034,1199,0,1197,1,1197,0
MaqCorre,1035,1005,0,1003,1,1004,0
MaqCorre,1036,725,0,721,1,721,0
MaqCorre,1037,676,0,673,1,674,0
MaqCorre,1038,954,0,952,0,952,0
MaqCorre,1039,530,1,530,1,530,1
MaqCorre,1040,790,0,786,0,786,0
MaqCorre,1041,763,0,760,1,760,0
MaqCorre,1042,831,0,830,1,830,0
MaqCorre,1043,884,0,880,1,880,1
MaqCorre,1044,616,1,616,1,616,0
MaqCorre,1045,660,1,660,1,660,1
MaqCorre,1046,562,0,561,1,561,0
MaqCorre,1047,858,0,855,1,855,0
MaqCorre,1048,597,0,595,0,595,0
MaqCorre,1049,945,1,945,1,945,0
MaqCorre,1050,582,0,580,1,580,1
MaqCorre,1051,846,0,840,1,840,1
MaqCorre,1052,539,0,536,1,536,0
MaqCorre,1053,516,0,514,1,514,0
MaqCorre,1054,719,1,719,1,719,0
MaqCorre,1055,388,0,385,1,385,1
MaqCorre,1056,396,0,393,1,393,1
MaqCorre,1057,382,0,380,1,380,0
MaqCorre,1058,474,0,470,1,470,1
MaqCorre,1059,510,0,506,1,507,0
MaqCorre,1060,572,0,570,1,570,1
MaqCorre,111,443,1,443,1,443,1
MaqCorre,112,425,1,425,1,425,1
MaqCorre,113,300,1,300,1,300,1
MaqCorre,114,356,1,356,1,356,1
MaqCorre,115,326,1,326,1,326,1
MaqCorre,116,164,1,164,1,164,1
MaqCorre,117,514,1,514,1,514,1
MaqCorre,118,266,1,266,1,266,1
MaqCorre,119,359,1,359,1,359,1
MaqCorre,120,314,1,314,1,314,1
MaqCorre,121,106,1,106,1,106,1
MaqCorre,122,143,1,143,1,143,1
MaqCorre,123,120,1,120,1,120,1
MaqCorre,124,85,1,85,1,85,1
MaqCorre,125,176,1,176,1,176,1
MaqCorre,126,102,1,102,1,102,1
MaqCorre,127,221,1,221,1,221,1
MaqCorre,128,157,1,157,1,157,1
MaqCorre,129,122,1,122,1,122,0
MaqCorre,130,208,1,208,1,208,1
MaqCorre,131,78,1,78,1,78,1
MaqCorre,132,98,1,98,1,98,1
MaqCorre,133,101,1,101,1,101,1
MaqCorre,134,132,1,132,1,132,1
MaqCorre,135,76,1,76,1,76,1
MaqCorre,136,132,1,132,1,132,0
MaqCorre,137,142,1,142,1,142,1
MaqCorre,138,122,1,122,1,122,1
MaqCorre,139,112,1,112,1,112,1
MaqCorre,140,122,1,122,1,122,1
MaqCorre,141,67,1,67,1,67,1
MaqCorre,142,73,1,73,1,73,1
MaqCorre,143,75,1,75,1,75,1
MaqCorre,144,111,1,111,1,111,1
MaqCorre,145,95,1,95,1,95,1
MaqCorre,146,88,1,88,1,88,1
MaqCorre,147,73,1,73,1,73,1
MaqCorre,148,72,1,72,1,72,1
MaqCorre,149,98,1,98,1,98,1
MaqCorre,150,87,1,87,1,87,0
MaqCorre,151,77,1,77,1,77,1
MaqCorre,152,66,1,66,1,66,1
MaqCorre,153,62,1,62,1,62,1
MaqCorre,154,79,1,79,1,79,1
MaqCorre,155,74,1,74,1,74,1
MaqCorre,156,66,1,66,1,66,1
MaqCorre,157,74,1,74,1,74,1
MaqCorre,158,78,1,78,1,78,1
MaqCorre,159,69,1,69,1,69,1
MaqCorre,160,58,1,58,1,58,1
MaqCorre,211,515,1,515,1,515,0
MaqCorre,212,473,1,473,1,473,1
MaqCorre,213,822,1,822,1,822,0
MaqCorre,214,785,1,785,1,785,1
MaqCorre,215,587,1,587,1,587,1
MaqCorre,216,1138,1,1138,1,1138,1
MaqCorre,217,578,1,578,1,578,0
MaqCorre,218,830,1,830,1,830,0
MaqCorre,219,531,1,531,1,535,0
MaqCorre,220,654,1,654,1,654,0
MaqCorre,221,422,1,422,1,422,1
MaqCorre,222,427,1,427,1,428,0
MaqCorre,223,178,1,178,1,178,1
MaqCorre,224,378,1,378,1,378,0
MaqCorre,225,352,1,352,1,352,0
MaqCorre,226,355,1,355,1,355,0
MaqCorre,227,305,1,305,1,305,0
MaqCorre,228,376,1,376,1,376,1
MaqCorre,229,387,1,387,1,387,0
MaqCorre,230,363,1,363,1,363,1
MaqCorre,231,240,1,240,1,240,0
MaqCorre,232,160,1,160,1,160,0
MaqCorre,233,213,1,213,1,213,1
MaqCorre,234,209,1,209,1,209,0
MaqCorre,235,279,1,279,1,279,1
MaqCorre,236,195,1,195,1,195,1
MaqCorre,237,348,1,348,1,348,1
MaqCorre,238,159,1,159,1,159,1
MaqCorre,239,160,1,160,1,160,0
MaqCorre,240,246,1,246,1,246,0
MaqCorre,241,129,1,129,1,129,1
MaqCorre,242,176,1,176,1,176,1
MaqCorre,243,150,1,150,1,150,1
MaqCorre,244,125,1,125,1,125,1
MaqCorre,245,158,1,158,1,158,0
MaqCorre,246,170,1,170,1,170,1
MaqCorre,247,199,1,199,1,199,1
MaqCorre,248,141,1,141,1,141,0
MaqCorre,249,153,1,153,1,153,0
MaqCorre,250,157,1,157,1,157,1
MaqCorre,251,148,1,148,1,148,1
MaqCorre,252,124,1,124,1,124,1
MaqCorre,253,164,1,164,1,164,1
MaqCorre,254,74,1,74,1,75,0
MaqCorre,255,124,1,124,1,124,0
MaqCorre,256,119,1,119,1,119,1
MaqCorre,257,120,1,120,1,120,1
MaqCorre,258,116,1,116,1,116,1
MaqCorre,259,144,1,144,1,144,0
MaqCorre,260,102,1,102,1,102,1
MaqCorre,511,1277,1,1278,0,1279,0
MaqCorre,512,2608,1,2609,0,2610,0
MaqCorre,513,1912,1,1912,1,1912,1
MaqCorre,514,1255,1,1255,1,1255,0
MaqCorre,515,2297,1,2298,0,2298,0
MaqCorre,516,2115,1,2116,0,2116,0
MaqCorre,517,2374,1,2374,1,2374,1
MaqCorre,518,2602,1,2603,0,2603,0
MaqCorre,519,1144,1,1145,0,1146,0
MaqCorre,520,1246,1,1247,0,1248,0
MaqCorre,521,660,1,660,1,661,0
MaqCorre,522,734,0,733,1,734,0
MaqCorre,523,828,1,828,1,829,0
MaqCorre,524,611,1,610,1,611,0
MaqCorre,525,1139,1,1139,1,1140,0
MaqCorre,526,1274,1,1274,1,1275,0
MaqCorre,527,882,1,882,1,882,0
MaqCorre,528,1150,1,1150,1,1150,0
MaqCorre,529,454,1,453,1,454,0
MaqCorre,530,436,1,436,1,436,1
MaqCorre,531,419,0,418,0,418,0
MaqCorre,532,534,1,534,1,534,1
MaqCorre,533,486,1,486,1,486,0
MaqCorre,534,429,1,429,1,429,1
MaqCorre,535,434,1,434,1,434,0
MaqCorre,536,366,1,366,1,366,0
MaqCorre,537,531,0,528,1,528,0
MaqCorre,538,643,0,642,1,642,1
MaqCorre,539,462,1,462,1,462,0
MaqCorre,540,638,1,638,1,638,0
MaqCorre,541,308,1,308,1,308,0
MaqCorre,542,317,0,316,1,316,0
MaqCorre,543,370,0,370,1,370,0
MaqCorre,544,312,1,312,1,312,0
MaqCorre,545,306,1,306,1,306,0
MaqCorre,546,398,0,394,1,394,1
MaqCorre,547,424,1,424,1,424,0
MaqCorre,548,326,0,325,0,325,0
MaqCorre,549,460,1,460,1,460,0
MaqCorre,550,355,0,355,1,355,0
MaqCorre,551,182,0,180,1,180,1
MaqCorre,552,295,0,294,1,294,0
MaqCorre,553,281,1,281,1,281,1
MaqCorre,554,245,1,245,1,245,1
MaqCorre,555,322,0,320,1,320,0
MaqCorre,556,192,1,192,1,192,1
MaqCorre,557,348,0,347,1,347,0
MaqCorre,558,298,0,295,1,295,1
MaqCorre,559,237,0,236,1,237,0
MaqCorre,560,252,1,252,1,252,0
U1000a1100,1011,100823,0,100820,0,100820,0
U1000a1100,1012,100878,0,100875,1,100876,0
U1000a1100,1013,100926,0,100921,1,100922,0
U1000a1100,1014,100914,0,100908,1,100908,0
U1000a1100,1015,100893,1,100893,1,100897,0
U1000a1100,1016,100883,0,100879,0,100881,0
U1000a1100,1017,100869,0,100866,1,100867,0
U1000a1100,1018,100918,0,100913,0,100913,0
U1000a1100,1019,100922,0,100920,1,100921,0
U1000a1100,1020,100896,0,100894,0,100894,0
U1000a1100,1021,50234,0,50227,0,50231,0
U1000a1100,1022,50227,0,50223,0,50229,0
U1000a1100,1023,50248,0,50241,0,50245,0
U1000a1100,1024,50214,0,50209,0,50211,0
U1000a1100,1025,50224,0,50219,0,50224,0
U1000a1100,1026,50233,0,50227,0,50238,0
U1000a1100,1027,50228,0,50222,0,50225,0
U1000a1100,1028,50230,0,50223,0,50236,0
U1000a1100,1029,50224,0,50220,0,50225,0
U1000a1100,1030,50225,0,50219,0,50224,0
U1000a1100,1031,34054,0,34084,0,34060,0
U1000a1100,1032,34044,0,34048,0,34056,0
U1000a1100,1033,34047,0,34072,0,34061,0
U1000a1100,1034,34044,0,34070,0,34059,0
U1000a1100,1035,34046,0,34074,0,34068,0
U1000a1100,1036,34045,0,34066,0,34052,0
U1000a1100,1037,34047,0,34061,0,34060,0
U1000a1100,1038,34051,0,34052,0,34059,0
U1000a1100,1039,34043,0,34068,0,34066,0
U1000a1100,1040,34048,0,34044,0,34062,0
U1000a1100,1041,25060,0,25057,0,25060,0
U1000a1100,1042,25060,0,25058,0,25058,0
U1000a1100,1043,25060,0,25058,0,25058,0
U1000a1100,1044,25056,0,25055,0,25058,0
U1000a1100,1045,25058,0,25057,0,25056,0
U1000a1100,1046,25057,0,25056,0,25058,0
U1000a1100,1047,25063,0,25057,0,25060,0
U1000a1100,1048,25060,0,25057,0,25060,0
U1000a1100,1049,25062,0,25062,0,25067,0
U1000a1100,1050,25060,0,25057,0,25059,0
U1000a1100,1051,20039,0,20038,0,20040,0
U1000a1100,1052,20036,0,20034,0,20035,0
U1000a1100,1053,20037,0,20038,0,20039,0
U1000a1100,1054,20037,0,20037,0,20038,0
U1000a1100,1055,20039,0,20037,0,20038,0
U1000a1100,1056,20037,0,20038,0,20044,0
U1000a1100,1057,20037,0,20035,0,20035,0
U1000a1100,1058,20038,0,20038,0,20040,0
U1000a1100,1059,20038,0,20035,0,20041,0
U1000a1100,1060,20039,0,20036,0,20037,0
U1000a1100,111,10092,1,10092,1,10092,0
U1000a1100,112,10078,1,10078,1,10078,1
U1000a1100,113,10108,1,10108,1,10108,0
U1000a1100,114,10112,1,10112,1,10112,0
U1000a1100,115,10105,1,10105,1,10105,1
U1000a1100,116,10102,1,10102,1,10102,0
U1000a1100,117,10120,1,10120,1,10121,0
U1000a1100,118,10107,1,10107,1,10110,0
U1000a1100,119,10097,1,10097,1,10097,1
U1000a1100,120,10097,1,10097,1,10097,0
U1000a1100,121,5028,1,5028,0,5028,0
U1000a1100,122,5038,1,5038,1,5038,0
U1000a1100,123,5036,1,5036,1,5036,1
U1000a1100,124,5037,1,5037,1,5037,1
U1000a1100,125,5037,1,5037,1,5037,1
U1000a1100,126,5034,1,5034,1,5035,0
U1000a1100,127,5035,1,5035,1,5035,1
U1000a1100,128,5036,1,5036,1,5036,0
U1000a1100,129,5035,1,5035,1,5035,0
U1000a1100,130,5033,1,5033,1,5033,0
U1000a1100,131,4006,1,4006,1,4008,0
U1000a1100,132,4006,1,4006,1,4006,0
U1000a1100,133,4006,1,4006,1,4006,0
U1000a1100,134,4007,1,4007,1,4007,0
U1000a1100,135,4006,1,4006,1,4006,0
U1000a1100,136,4006,1,4006,1,4007,0
U1000a1100,137,4005,1,4005,1,4007,0
U1000a1100,138,4008,1,4008,1,4010,0
U1000a1100,139,4007,1,4007,1,4008,0
U1000a1100,140,4006,1,4006,1,4007,0
U1000a1100,141,3005,1,3005,1,3005,0
U1000a1100,142,3006,1,3006,1,3006,0
U1000a1100,143,3005,1,3005,1,3005,0
U1000a1100,144,3004,1,3004,1,3005,0
U1000a1100,145,3005,1,3005,1,3006,0
U1000a1100,146,3004,1,3004,1,3005,0
U1000a1100,147,3004,1,3004,1,3004,0
U1000a1100,148,3004,1,3004,1,3005,0
U1000a1100,149,3004,1,3004,1,3005,0
U1000a1100,150,3004,1,3004,1,3005,0
U1000a1100,151,2013,1,2013,1,2013,1
U1000a1100,152,2010,1,2010,1,2010,1
U1000a1100,153,2012,1,2012,1,2012,1
U1000a1100,154,2026,1,2026,1,2026,1
U1000a1100,155,2010,1,2010,1,2010,1
U1000a1100,156,2014,1,2014,0,2014,1
U1000a1100,157,2009,1,2009,1,2009,1
U1000a1100,158,2011,1,2011,1,2011,1
U1000a1100,159,2015,1,2015,1,2015,1
U1000a1100,160,2012,1,2012,1,2012,1
U1000a1100,211,20193,1,20193,1,20193,0
U1000a1100,212,20182,1,20182,0,20182,0
U1000a1100,213,20176,1,20176,1,20177,0
U1000a1100,214,20187,1,20187,0,20188,0
U1000a1100,215,20179,1,20179,1,20182,0
U1000a1100,216,20197,1,20197,1,20197,0
U1000a1100,217,20190,1,20190,1,20191,0
U1000a1100,218,20194,1,20194,1,20195,0
U1000a1100,219,20177,1,20177,1,20177,0
U1000a1100,220,20175,1,20175,1,20179,0
U1000a1100,221,10054,1,10055,0,10056,0
U1000a1100,222,10049,1,10049,0,10050,0
U1000a1100,223,10048,1,10049,0,10050,0
U1000a1100,224,10053,1,10054,0,10055,0
U1000a1100,225,10050,1,10051,0,10052,0
U1000a1100,226,10051,1,10052,0,10054,0
U1000a1100,227,10055,1,10055,0,10058,0
U1000a1100,228,10050,1,10051,0,10051,0
U1000a1100,229,10053,1,10055,0,10055,0
U1000a1100,230,10047,1,10047,0,10048,0
U1000a1100,231,7013,1,7015,0,7034,0
U1000a1100,232,7016,1,7022,0,7025,0
U1000a1100,233,7012,1,7015,0,7020,0
U1000a1100,234,7016,1,7018,0,7032,0
U1000a1100,235,7013,1,7017,0,7039,0
U1000a1100,236,7014,1,7016,0,7019,0
U1000a1100,237,7014,1,7016,0,7031,0
U1000a1100,238,7014,1,7016,0,7020,0
U1000a1100,239,7014,0,7015,0,7038,0
U1000a1100,240,7013,1,7015,0,7018,0
U1000a1100,241,5016,1,5016,0,5016,0
U1000a1100,242,5019,1,5019,0,5019,0
U1000a1100,243,5018,1,5018,0,5018,0
U1000a1100,244,5028,1,5028,1,5033,0
U1000a1100,245,5013,1,5013,0,5014,0
U1000a1100,246,5020,1,5020,0,5020,0
U1000a1100,247,5028,1,5028,1,5028,1
U1000a1100,248,5016,1,5018,0,5018,0
U1000a1100,249,5016,1,5016,0,5016,0
U1000a1100,250,5017,1,5017,1,5017,1
U1000a1100,251,4012,1,4012,1,4012,0
U1000a1100,252,4013,1,4013,0,4015,0
U1000a1100,253,4015,1,4015,1,4015,0
U1000a1100,254,4011,1,4011,0,4012,0
U1000a1100,255,4014,1,4014,0,4014,0
U1000a1100,256,4012,1,4012,1,4013,0
U1000a1100,257,4012,1,4012,0,4012,0
U1000a1100,258,4011,1,4011,1,4012,0
U1000a1100,259,4013,1,4013,0,4013,0
U1000a1100,260,4015,1,4015,0,4015,0
U1000a1100,511,50429,1,50429,1,50431,0
U1000a1100,512,50440,0,50436,1,50438,0
U1000a1100,513,50438,1,50439,0,50440,0
U1000a1100,514,50466,1,50466,0,50466,0
U1000a1100,515,50414,1,50415,0,50415,0
U1000a1100,516,50455,1,50455,0,50459,0
U1000a1100,517,50419,0,50416,1,50420,0
U1000a1100,518,50405,1,50405,1,50407,0
U1000a1100,519,50435,1,50435,1,50437,0
U1000a1100,520,50440,1,50440,1,50442,0
U1000a1100,521,25117,0,25111,0,25116,0
U1000a1100,522,25118,0,25110,0,25113,0
U1000a1100,523,25117,0,25114,0,25116,0
U1000a1100,524,25127,0,25122,0,25126,0
U1000a1100,525,25116,0,25112,0,25115,0
U1000a1100,526,25122,0,25118,0,25121,0
U1000a1100,527,25116,0,25114,0,25115,0
U1000a1100,528,25121,0,25117,0,25120,0
U1000a1100,529,25121,0,25118,0,25121,0
U1000a1100,530,25125,0,25119,0,25120,0
U1000a1100,531,17030,0,17040,0,17041,0
U1000a1100,532,17033,0,17042,0,17044,0
U1000a1100,533,17031,0,17036,0,17043,0
U1000a1100,534,17036,0,17053,0,17046,0
U1000a1100,535,17031,0,17036,0,17046,0
U1000a1100,536,17034,0,17046,0,17051,0
U1000a1100,537,17033,0,17037,0,17047,0
U1000a1100,538,17034,0,17039,0,17049,0
U1000a1100,539,17031,0,17036,0,17044,0
U1000a1100,540,17033,0,17047,0,17050,0
U1000a1100,541,13014,0,13019,0,13018,0
U1000a1100,542,13016,0,13021,0,13026,0
U1000a1100,543,13017,0,13017,0,13024,0
U1000a1100,544,13013,0,13016,0,13026,0
U1000a1100,545,13015,0,13020,0,13024,0
U1000a1100,546,13014,0,13018,0,13018,0
U1000a1100,547,13017,0,13019,0,13022,0
U1000a1100,548,13018,0,13021,0,13018,0
U1000a1100,549,13015,0,13019,0,13020,0
U1000a1100,550,13015,0,13017,0,13021,0
U1000a1100,551,10021,0,10022,0,10024,0
U1000a1100,552,10024,0,10023,1,10025,0
U1000a1100,553,10023,0,10023,0,10024,0
U1000a1100,554,10022,0,10020,0,10020,0
U1000a1100,555,10023,0,10021,0,10020,0
U1000a1100,556,10025,0,10022,0,10022,0
U1000a1100,557,10023,0,10023,0,10023,0
U1000a1100,558,10022,0,10021,0,10022,0
U1000a1100,559,10023,0,10021,0,10021,0
U1000a1100,560,10024,0,10026,0,10025,0
U100a120,1011,10141,1,10141,1,10141,1
U100a120,1012,10141,1,10141,1,10141,1
U100a120,1013,10151,1,10151,1,10151,1
U100a120,1014,10151,1,10151,1,10151,1
U100a120,1015,10150,1,10150,1,10150,1
U100a120,1016,10146,1,10146,1,10146,1
U100a120,1017,10142,1,10142,0,10142,1
U100a120,1018,10150,1,10150,1,10150,1
U100a120,1019,10150,0,10148,1,10148,1
U100a120,1020,10153,0,10152,1,10152,1
U100a120,1021,5033,0,5030,1,5030,1
U100a120,1022,5034,0,5032,1,5032,1
U100a120,1023,5030,0,5027,1,5028,0
U100a120,1024,5032,0,5029,1,5030,0
U100a120,1025,5033,0,5031,1,5032,0
U100a120,1026,5029,0,5027,1,5028,0
U100a120,1027,5032,0,5030,1,5031,0
U100a120,1028,5033,0,5030,1,5031,0
U100a120,1029,5033,0,5031,1,5031,1
U100a120,1030,5031,0,5028,1,5029,0
U100a120,1031,3400,1,3401,0,3407,0
U100a120,1032,3400,1,3400,1,3407,0
U100a120,1033,3400,1,3400,0,3402,0
U100a120,1034,3400,1,3400,1,3408,0
U100a120,1035,3400,1,3400,1,3406,0
U100a120,1036,3400,1,3403,0,3407,0
U100a120,1037,3400,1,3400,0,3400,0
U100a120,1038,3400,1,3400,0,3404,0
U100a120,1039,3400,1,3400,1,3407,0
U100a120,1040,3400,1,3400,1,3401,0
U100a120,1041,2507,0,2506,0,2506,0
U100a120,1042,2506,0,2505,1,2506,0
U100a120,1043,2506,0,2504,1,2505,0
U100a120,1044,2506,0,2504,1,2505,0
U100a120,1045,2505,0,2504,1,2505,0
U100a120,1046,2506,0,2505,1,2506,0
U100a120,1047,2506,0,2504,1,2505,0
U100a120,1048,2506,0,2504,1,2505,0
U100a120,1049,2505,0,2504,1,2505,0
U100a120,1050,2506,0,2505,1,2506,0
U100a120,1051,2004,0,2003,1,2005,0
U100a120,1052,2004,0,2003,1,2004,0
U100a120,1053,2003,0,2002,1,2004,0
U100a120,1054,2004,0,2003,0,2003,0
U100a120,1055,2003,0,2003,0,2004,0
U100a120,1056,2004,0,2003,1,2004,0
U100a120,1057,2003,1,2003,0,2003,0
U100a120,1058,2003,0,2002,1,2003,0
U100a120,1059,2003,0,2002,1,2005,0
U100a120,1060,2004,0,2003,1,2004,0
U100a120,111,1014,1,1014,1,1014,1
U100a120,112,1018,1,1018,1,1018,0
U100a120,113,1016,1,1016,1,1016,1
U100a120,114,1018,1,1018,1,1018,0
U100a120,115,1019,1,1019,1,1019,1
U100a120,116,1015,1,1015,1,1015,1
U100a120,117,1016,1,1016,1,1016,1
U100a120,118,1017,1,1017,1,1017,1
U100a120,119,1018,1,1018,1,1018,1
U100a120,120,1015,1,1015,1,1015,1
U100a120,121,506,1,506,1,506,1
U100a120,122,505,1,505,1,505,0
U100a120,123,505,1,505,1,505,1
U100a120,124,505,1,505,1,505,0
U100a120,125,506,1,506,1,506,1
U100a120,126,508,1,508,1,508,1
U100a120,127,505,1,505,1,505,1
U100a120,128,507,1,507,1,507,0
U100a120,129,505,1,505,1,505,1
U100a120,130,508,1,508,1,508,1
U100a120,131,400,1,400,1,400,1
U100a120,132,400,1,400,1,400,1
U100a120,133,400,1,400,1,400,0
U100a120,134,400,1,400,1,400,1
U100a120,135,400,1,400,1,400,1
U100a120,136,400,1,400,1,400,1
U100a120,137,400,1,400,1,400,0
U100a120,138,400,1,400,1,400,0
U100a120,139,400,1,400,1,400,0
U100a120,140,400,1,400,1,400,0
U100a120,141,300,1,300,1,300,1
U100a120,142,300,1,300,1,300,1
U100a120,143,300,1,300,1,300,1
U100a120,144,300,1,300,1,300,1
U100a120,145,300,1,300,1,300,1
U100a120,146,300,1,300,1,300,1
U100a120,147,300,1,300,1,300,1
U100a120,148,300,1,300,1,300,1
U100a120,149,300,1,300,1,300,0
U100a120,150,300,1,300,1,300,1
U100a120,151,201,1,201,1,201,1
U100a120,152,202,1,202,1,202,1
U100a120,153,201,1,201,1,201,1
U100a120,154,202,1,202,1,202,1
U100a120,155,202,1,202,1,202,1
U100a120,156,202,1,202,1,202,1
U100a120,157,202,1,202,1,202,1
U100a120,158,202,1,202,1,202,1
U100a120,159,202,1,202,1,202,1
U100a120,160,201,1,201,1,201,1
U100a120,211,2031,1,2031,1,2031,1
U100a120,212,2029,1,2029,1,2030,0
U100a120,213,2036,1,2036,1,2036,1
U100a120,214,2028,1,2028,1,2028,1
U100a120,215,2036,1,2036,1,2037,0
U100a120,216,2028,1,2028,1,2028,0
U100a120,217,2031,1,2031,1,2031,1
U100a120,218,2030,1,2030,1,2030,1
U100a120,219,2034,1,2034,1,2034,0
U100a120,220,2029,1,2029,1,2029,1
U100a120,221,1007,1,1007,1,1007,1
U100a120,222,1008,1,1008,1,1008,0
U100a120,223,1007,1,1007,1,1008,0
U100a120,224,1007,1,1007,1,1007,0
U100a120,225,1007,1,1007,1,1008,0
U100a120,226,1007,1,1007,1,1007,1
U100a120,227,1009,1,1009,1,1009,0
U100a120,228,1006,1,1006,1,1007,0
U100a120,229,1008,1,1008,1,1008,1
U100a120,230,1007,1,1007,1,1007,1
U100a120,231,700,1,700,1,701,0
U100a120,232,701,1,701,0,702,0
U100a120,233,700,1,701,0,702,0
U100a120,234,700,1,701,0,701,0
U100a120,235,701,1,701,0,702,0
U100a120,236,701,1,701,0,702,0
U100a120,237,701,1,701,0,702,0
U100a120,238,701,1,701,1,702,0
U100a120,239,700,1,701,0,701,0
U100a120,240,701,1,701,1,703,0
U100a120,241,503,1,503,1,503,1
U100a120,242,504,1,504,1,504,1
U100a120,243,503,1,503,0,503,1
U100a120,244,502,1,502,1,502,1
U100a120,245,502,1,502,1,502,1
U100a120,246,503,1,503,1,503,1
U100a120,247,503,1,503,1,503,1
U100a120,248,502,1,502,1,502,1
U100a120,249,502,1,502,1,502,1
U100a120,250,503,1,503,1,503,1
U100a120,251,401,1,401,1,401,1
U100a120,252,402,1,402,1,402,1
U100a120,253,403,1,403,0,403,1
U100a120,254,402,1,402,1,402,1
U100a120,255,402,1,402,1,402,1
U100a120,256,402,1,402,1,402,1
U100a120,257,402,1,402,0,402,1
U100a120,258,402,1,402,0,402,1
U100a120,259,403,1,403,0,403,0
U100a120,260,402,1,402,1,402,1
U100a120,511,5075,1,5075,1,5076,0
U100a120,512,5074,1,5074,1,5074,1
U100a120,513,5080,1,5080,1,5080,1
U100a120,514,5080,1,5080,1,5080,1
U100a120,515,5081,1,5081,1,5081,0
U100a120,516,5074,1,5074,1,5074,1
U100a120,517,5072,1,5072,1,5072,1
U100a120,518,5072,1,5072,1,5072,1
U100a120,519,5074,1,5074,1,5074,1
U100a120,520,5072,1,5072,1,5072,1
U100a120,521,2516,1,2516,1,2517,0
U100a120,522,2513,1,2513,1,2513,1
U100a120,523,2515,1,2515,1,2516,0
U100a120,524,2515,0,2514,1,2515,0
U100a120,525,2516,1,2516,1,2516,1
U100a120,526,2515,1,2515,1,2516,0
U100a120,527,2515,1,2515,1,2516,0
U100a120,528,2514,1,2514,1,2514,1
U100a120,529,2515,1,2515,1,2516,0
U100a120,530,2516,1,2516,1,2517,0
U100a120,531,1701,0,1703,0,1702,0
U100a120,532,1701,0,1703,0,1702,0
U100a120,533,1701,0,1703,0,1702,0
U100a120,534,1702,0,1703,0,1702,0
U100a120,535,1702,0,1702,0,1702,0
U100a120,536,1702,0,1702,0,1702,0
U100a120,537,1701,0,1701,0,1703,0
U100a120,538,1701,0,1701,0,1704,0
U100a120,539,1701,0,1702,0,1702,0
U100a120,540,1702,0,1703,0,1705,0
U100a120,541,1300,1,1300,1,1302,0
U100a120,542,1300,1,1300,1,1302,0
U100a120,543,1300,1,1300,1,1300,1
U100a120,544,1300,1,1300,1,1300,1
U100a120,545,1300,1,1301,0,1300,0
U100a120,546,1300,1,1300,1,1300,0
U100a120,547,1300,1,1300,0,1303,0
U100a120,548,1300,1,1300,1,1301,0
U100a120,549,1300,1,1300,1,1302,0
U100a120,550,1300,1,1302,0,1303,0
U100a120,551,1003,0,1002,1,1003,0
U100a120,552,1003,1,1003,0,1003,0
U100a120,553,1002,1,1002,1,1003,0
U100a120,554,1002,1,1002,1,1002,1
U100a120,555,1002,1,1002,1,1003,0
U100a120,556,1002,1,1002,0,1002,1
U100a120,557,1002,1,1002,1,1002,1
U100a120,558,1003,1,1003,0,1003,0
U100a120,559,1002,1,1002,1,1003,0
U100a120,560,1002,1,1002,1,1002,1
U100a200,1011,10886,0,10880,0,10880,0
U100a200,1012,10811,0,10805,0,10805,0
U100a200,1013,10886,0,10879,0,10880,0
U100a200,1014,10868,0,10861,0,10861,0
U100a200,1015,10874,0,10867,0,10867,0
U100a200,1016,10872,1,10874,0,10873,0
U100a200,1017,10851,0,10845,0,10845,0
U100a200,1018,10894,0,10893,0,10894,0
U100a200,1019,10843,0,10840,0,10841,0
U100a200,1020,10888,0,10888,0,10888,0
U100a200,1021,5222,0,5214,0,5215,0
U100a200,1022,5224,0,5224,0,5222,0
U100a200,1023,5217,0,5211,0,5210,0
U100a200,1024,5224,0,5219,0,5221,0
U100a200,1025,5234,0,5229,0,5229,0
U100a200,1026,5224,0,5221,0,5222,0
U100a200,1027,5240,0,5236,0,5236,0
U100a200,1028,5237,0,5229,0,5229,0
U100a200,1029,5227,0,5222,0,5223,0
U100a200,1030,5220,0,5214,0,5214,0
U100a200,1031,3458,0,3466,0,3460,0
U100a200,1032,3468,0,3476,0,3467,0
U100a200,1033,3456,0,3468,0,3462,0
U100a200,1034,3460,0,3465,0,3457,0
U100a200,1035,3462,0,3471,0,3462,0
U100a200,1036,3461,0,3473,0,3462,0
U100a200,1037,3455,0,3472,0,3459,0
U100a200,1038,3456,0,3469,0,3454,0
U100a200,1039,3461,0,3452,0,3460,0
U100a200,1040,3458,0,3469,0,3456,0
U100a200,1041,2557,0,2552,0,2552,0
U100a200,1042,2556,0,2550,0,2551,0
U100a200,1043,2559,0,2555,0,2555,0
U100a200,1044,2559,0,2553,0,2553,0
U100a200,1045,2562,0,2555,0,2555,0
U100a200,1046,2558,0,2552,0,2552,0
U100a200,1047,2557,0,2554,0,2555,0
U100a200,1048,2559,0,2554,0,2553,0
U100a200,1049,2561,0,2554,0,2554,0
U100a200,1050,2556,0,2552,0,2552,0
U100a200,1051,2041,0,2036,0,2036,0
U100a200,1052,2037,0,2033,0,2033,0
U100a200,1053,2037,0,2034,0,2033,0
U100a200,1054,2039,0,2034,0,2034,0
U100a200,1055,2037,0,2033,0,2034,0
U100a200,1056,2038,0,2033,0,2034,0
U100a200,1057,2040,0,2033,0,2035,0
U100a200,1058,2041,0,2035,0,2054,0
U100a200,1059,2042,0,2036,0,2037,0
U100a200,1060,2041,0,2035,0,2035,0
U100a200,111,1111,1,1111,1,1111,1
U100a200,112,1083,1,1083,1,1083,1
U100a200,113,1094,1,1094,1,1094,1
U100a200,114,1111,1,1111,1,1111,1
U100a200,115,1100,1,1100,1,1100,1
U100a200,116,1095,1,1095,1,1095,1
U100a200,117,1109,1,1109,1,1109,1
U100a200,118,1106,1,1106,1,1106,1
U100a200,119,1108,1,1108,1,1108,1
U100a200,120,1095,1,1095,1,1095,1
U100a200,121,529,1,529,1,529,0
U100a200,122,540,1,540,1,540,1
U100a200,123,529,1,529,1,529,1
U100a200,124,532,1,532,1,532,1
U100a200,125,541,1,541,1,541,1
U100a200,126,537,1,537,1,537,1
U100a200,127,533,1,533,1,533,1
U100a200,128,529,1,529,1,529,0
U100a200,129,536,1,536,1,536,1
U100a200,130,530,1,530,1,530,1
U100a200,131,406,1,406,1,406,0
U100a200,132,407,1,407,1,408,0
U100a200,133,405,1,405,1,406,0
U100a200,134,408,1,408,1,408,0
U100a200,135,406,1,406,1,407,0
U100a200,136,405,1,405,1,406,0
U100a200,137,405,1,405,1,407,0
U100a200,138,404,1,404,1,404,0
U100a200,139,405,1,405,1,405,0
U100a200,140,404,1,404,1,404,0
U100a200,141,304,1,304,1,304,0
U100a200,142,305,1,305,1,305,1
U100a200,143,305,1,305,1,305,0
U100a200,144,304,1,304,1,304,0
U100a200,145,304,1,304,1,304,0
U100a200,146,304,1,304,1,305,0
U100a200,147,305,1,305,1,305,0
U100a200,148,305,1,305,1,306,0
U100a200,149,305,1,305,1,305,0
U100a200,150,303,1,303,1,303,0
U100a200,151,208,1,208,1,208,1
U100a200,152,212,1,212,1,212,0
U100a200,153,212,1,212,1,212,0
U100a200,154,210,1,210,1,210,0
U100a200,155,210,1,210,1,210,0
U100a200,156,210,1,210,1,210,0
U100a200,157,209,1,209,1,209,0
U100a200,158,211,1,211,1,211,0
U100a200,159,211,1,211,1,211,0
U100a200,160,209,1,209,1,209,1
U100a200,211,2192,1,2193,0,2195,0
U100a200,212,2188,1,2188,0,2189,0
U100a200,213,2183,1,2183,1,2183,0
U100a200,214,2177,1,2177,1,2177,1
U100a200,215,2200,1,2200,1,2200,1
U100a200,216,2168,1,2168,0,2169,0
U100a200,217,2174,1,2174,1,2174,0
U100a200,218,2181,1,2181,1,2181,1
U100a200,219,2180,1,2180,0,2180,0
U100a200,220,2191,1,2191,1,2193,0
U100a200,221,1049,1,1051,0,1050,0
U100a200,222,1052,1,1052,1,1053,0
U100a200,223,1046,1,1046,1,1046,0
U100a200,224,1056,1,1057,0,1056,0
U100a200,225,1049,1,1049,1,1049,0
U100a200,226,1053,1,1053,1,1054,0
U100a200,227,1052,1,1052,1,1052,0
U100a200,228,1054,1,1054,1,1054,1
U100a200,229,1053,1,1053,1,1054,0
U100a200,230,1046,1,1047,0,1047,0
U100a200,231,713,1,713,1,728,0
U100a200,232,714,1,715,0,716,0
U100a200,233,712,1,712,1,716,0
U100a200,234,712,1,715,0,729,0
U100a200,235,710,1,710,1,713,0
U100a200,236,717,1,717,1,731,0
U100a200,237,712,1,712,1,731,0
U100a200,238,714,1,717,0,716,0
U100a200,239,716,1,716,1,716,0
U100a200,240,713,1,714,0,717,0
U100a200,241,515,1,515,1,515,0
U100a200,242,517,1,517,1,518,0
U100a200,243,513,1,513,1,514,0
U100a200,244,514,1,514,1,514,0
U100a200,245,519,1,519,1,519,0
U100a200,246,517,1,517,1,517,0
U100a200,247,514,1,514,1,515,0
U100a200,248,524,1,524,1,524,1
U100a200,249,512,1,512,1,512,0
U100a200,250,517,1,517,1,517,1
U100a200,251,411,1,411,1,411,0
U100a200,252,417,1,417,1,417,1
U100a200,253,411,1,411,1,411,0
U100a200,254,411,1,411,1,411,0
U100a200,255,413,1,413,1,413,0
U100a200,256,411,1,411,1,411,0
U100a200,257,413,1,413,1,413,0
U100a200,258,411,1,411,1,411,0
U100a200,259,413,1,413,1,413,0
U100a200,260,412,1,412,1,412,0
U100a200,511,5460,0,5457,0,5456,0
U100a200,512,5439,0,5438,0,5439,0
U100a200,513,5459,0,5456,0,5455,0
U100a200,514,5422,1,5422,0,5423,0
U100a200,515,5454,1,5456,0,5456,0
U100a200,516,5459,0,5451,0,5453,0
U100a200,517,5411,1,5412,0,5414,0
U100a200,518,5419,1,5421,0,5421,0
U100a200,519,5444,1,5445,0,5448,0
U100a200,520,5444,0,5437,0,5437,0
U100a200,521,2619,0,2613,0,2613,0
U100a200,522,2616,0,2636,0,2612,0
U100a200,523,2623,0,2619,0,2618,0
U100a200,524,2624,0,2618,0,2618,0
U100a200,525,2629,0,2624,0,2624,0
U100a200,526,2620,0,2613,0,2613,0
U100a200,527,2616,0,2610,0,2610,0
U100a200,528,2618,0,2614,0,2613,0
U100a200,529,2623,0,2618,0,2618,0
U100a200,530,2605,0,2603,0,2603,0
U100a200,531,1741,0,1738,0,1738,0
U100a200,532,1739,0,1747,0,1742,0
U100a200,533,1741,0,1743,0,1744,0
U100a200,534,1740,0,1742,0,1739,0
U100a200,535,1739,0,1737,0,1738,0
U100a200,536,1740,0,1738,0,1736,0
U100a200,537,1737,0,1738,0,1736,0
U100a200,538,1740,0,1739,0,1738,0
U100a200,539,1739,0,1738,0,1734,0
U100a200,540,1742,0,1742,0,1740,0
U100a200,541,1317,0,1321,0,1322,0
U100a200,542,1316,0,1313,1,1323,0
U100a200,543,1317,0,1319,0,1316,0
U100a200,544,1318,0,1317,0,1318,0
U100a200,545,1317,0,1319,0,1320,0
U100a200,546,1317,0,1317,0,1318,0
U100a200,547,1316,0,1323,0,1316,0
U100a200,548,1319,0,1317,0,1324,0
U100a200,549,1315,0,1313,0,1318,0
U100a200,550,1315,0,1318,0,1318,0
U100a200,551,1020,0,1018,0,1019,0
U100a200,552,1022,0,1020,0,1021,0
U100a200,553,1018,0,1018,0,1019,0
U100a200,554,1023,0,1020,0,1020,0
U100a200,555,1022,0,1019,0,1024,0
U100a200,556,1019,1,1020,0,1021,0
U100a200,557,1024,0,1021,0,1021,0
U100a200,558,1022,0,1020,0,1020,0
U100a200,559,1018,1,1019,0,1019,0
U100a200,560,1024,0,1020,0,1020,0
U10a100,1011,1762,1,1762,1,1762,1
U10a100,1012,1754,1,1754,1,1754,1
U10a100,1013,1781,1,1781,1,1782,0
U10a100,1014,1761,1,1761,1,1761,0
U10a100,1015,1813,1,1813,1,1814,0
U10a100,1016,1764,1,1764,1,1765,0
U10a100,1017,1804,1,1804,0,1804,0
U10a100,1018,1775,1,1775,1,1776,0
U10a100,1019,1741,1,1741,1,1742,0
U10a100,1020,1744,1,1745,0,1745,0
U10a100,1021,704,0,704,0,704,0
U10a100,1022,697,0,697,0,697,0
U10a100,1023,695,1,696,0,696,0
U10a100,1024,695,1,696,0,695,0
U10a100,1025,689,1,690,0,690,0
U10a100,1026,689,1,690,0,690,0
U10a100,1027,697,0,695,0,695,0
U10a100,1028,693,0,692,0,692,0
U10a100,1029,694,1,694,0,694,0
U10a100,1030,705,0,704,0,704,0
U10a100,1031,426,0,424,0,424,0
U10a100,1032,420,0,418,0,418,0
U10a100,1033,420,0,419,0,419,0
U10a100,1034,422,0,421,0,421,0
U10a100,1035,418,0,416,0,416,0
U10a100,1036,425,0,424,0,424,0
U10a100,1037,423,0,421,1,422,0
U10a100,1038,422,0,421,0,420,0
U10a100,1039,420,0,418,0,418,0
U10a100,1040,421,0,420,0,420,0
U10a100,1041,298,0,296,0,296,0
U10a100,1042,297,0,295,0,295,0
U10a100,1043,296,0,295,0,295,0
U10a100,1044,299,0,297,0,297,0
U10a100,1045,302,0,300,0,300,0
U10a100,1046,303,0,300,0,300,0
U10a100,1047,298,0,296,0,296,0
U10a100,1048,296,0,294,0,294,0
U10a100,1049,297,0,295,0,295,0
U10a100,1050,301,0,300,0,300,0
U10a100,1051,228,0,227,0,227,0
U10a100,1052,230,0,228,0,228,0
U10a100,1053,231,0,229,0,229,0
U10a100,1054,233,0,230,0,230,0
U10a100,1055,232,0,230,0,230,0
U10a100,1056,232,0,229,0,229,0
U10a100,1057,232,0,231,0,230,0
U10a100,1058,232,0,230,0,230,0
U10a100,1059,231,0,230,0,230,0
U10a100,1060,230,0,227,0,227,0
U10a100,111,198,1,198,1,198,1
U10a100,112,173,1,173,1,173,1
U10a100,113,183,1,183,1,183,1
U10a100,114,173,1,173,1,173,1
U10a100,115,180,1,180,1,180,1
U10a100,116,175,1,175,1,175,1
U10a100,117,175,1,175,1,175,1
U10a100,118,179,1,179,1,179,1
U10a100,119,171,1,171,1,171,1
U10a100,120,176,1,176,1,176,1
U10a100,121,71,1,71,1,71,1
U10a100,122,74,1,74,1,74,1
U10a100,123,74,1,74,1,74,0
U10a100,124,74,1,74,1,74,1
U10a100,125,71,1,71,1,71,0
U10a100,126,79,1,79,1,80,0
U10a100,127,73,1,73,1,73,0
U10a100,128,75,1,75,1,75,0
U10a100,129,74,1,74,1,74,1
U10a100,130,79,1,79,1,79,1
U10a100,131,47,1,47,1,47,1
U10a100,132,46,1,46,1,47,0
U10a100,133,47,1,47,1,47,0
U10a100,134,48,1,48,1,48,0
U10a100,135,45,1,45,1,45,1
U10a100,136,49,1,49,1,49,1
U10a100,137,46,1,46,1,47,0
U10a100,138,45,1,45,1,45,1
U10a100,139,46,1,46,1,46,0
U10a100,140,48,1,48,1,48,1
U10a100,141,34,1,34,1,34,1
U10a100,142,35,1,35,1,35,1
U10a100,143,34,1,34,1,34,1
U10a100,144,34,1,34,1,34,1
U10a100,145,34,1,34,1,34,1
U10a100,146,36,1,36,1,36,0
U10a100,147,34,1,34,1,34,1
U10a100,148,34,1,34,1,34,1
U10a100,149,34,1,34,1,34,1
U10a100,150,34,1,34,1,34,1
U10a100,151,28,1,28,1,28,1
U10a100,152,27,1,27,1,27,1
U10a100,153,28,1,28,1,28,1
U10a100,154,30,1,30,1,30,1
U10a100,155,30,1,30,1,30,1
U10a100,156,30,1,30,1,30,1
U10a100,157,29,1,29,1,29,1
U10a100,158,30,1,30,1,30,0
U10a100,159,30,1,30,1,30,1
U10a100,160,28,1,28,1,28,1
U10a100,211,358,1,358,1,358,0
U10a100,212,368,1,368,1,368,1
U10a100,213,361,1,361,1,361,1
U10a100,214,372,1,372,1,372,0
U10a100,215,359,1,359,1,359,0
U10a100,216,376,1,376,0,376,0
U10a100,217,355,1,355,0,355,0
U10a100,218,359,1,359,1,359,0
U10a100,219,361,1,361,1,361,0
U10a100,220,349,1,349,1,349,1
U10a100,221,145,1,145,1,145,1
U10a100,222,144,1,144,1,144,0
U10a100,223,144,1,144,1,145,0
U10a100,224,147,1,147,1,147,0
U10a100,225,147,1,147,1,149,0
U10a100,226,143,1,143,1,144,0
U10a100,227,144,1,144,1,144,0
U10a100,228,141,1,141,1,142,0
U10a100,229,145,1,146,0,146,0
U10a100,230,146,1,147,0,147,0
U10a100,231,87,1,87,1,87,0
U10a100,232,86,1,86,1,88,0
U10a100,233,86,1,86,1,87,0
U10a100,234,89,1,89,1,89,0
U10a100,235,90,1,90,0,90,0
U10a100,236,86,1,87,0,87,0
U10a100,237,86,1,86,1,87,0
U10a100,238,87,1,87,1,88,0
U10a100,239,87,1,87,1,88,0
U10a100,240,87,1,87,1,89,0
U10a100,241,64,1,64,1,65,0
U10a100,242,62,1,62,1,63,0
U10a100,243,63,1,63,1,64,0
U10a100,244,63,1,63,1,64,0
U10a100,245,63,1,63,1,63,0
U10a100,246,64,1,64,1,65,0
U10a100,247,63,1,63,1,64,0
U10a100,248,63,1,63,1,64,0
U10a100,249,64,1,65,0,66,0
U10a100,250,61,1,61,1,61,1
U10a100,251,51,1,51,1,51,0
U10a100,252,50,1,50,1,50,0
U10a100,253,50,1,50,1,50,0
U10a100,254,50,1,50,1,51,0
U10a100,255,50,1,50,1,50,0
U10a100,256,50,1,50,1,51,0
U10a100,257,50,1,50,1,51,0
U10a100,258,49,1,49,1,49,1
U10a100,259,50,1,50,1,51,0
U10a100,260,50,1,50,1,50,0
U10a100,511,861,1,861,1,862,0
U10a100,512,876,1,876,1,876,1
U10a100,513,879,1,878,1,879,0
U10a100,514,884,1,885,0,884,1
U10a100,515,864,1,864,1,864,1
U10a100,516,899,1,899,1,901,0
U10a100,517,894,1,894,1,895,0
U10a100,518,922,1,922,0,922,0
U10a100,519,915,1,916,0,916,0
U10a100,520,893,1,893,1,893,1
U10a100,521,354,1,354,0,354,0
U10a100,522,345,1,347,0,346,0
U10a100,523,358,1,359,0,359,0
U10a100,524,351,1,352,0,351,1
U10a100,525,350,0,348,1,348,0
U10a100,526,353,1,354,0,354,0
U10a100,527,350,1,351,0,350,1
U10a100,528,349,1,350,0,350,0
U10a100,529,356,0,356,0,356,0
U10a100,530,354,1,355,0,355,0
U10a100,531,215,0,212,0,212,0
U10a100,532,212,0,210,0,209,0
U10a100,533,215,0,213,0,213,0
U10a100,534,211,0,208,0,208,0
U10a100,535,211,0,208,0,209,0
U10a100,536,213,0,212,0,212,0
U10a100,537,215,0,213,0,213,0
U10a100,538,216,0,214,0,214,0
U10a100,539,213,0,210,1,212,0
U10a100,540,212,0,211,0,211,0
U10a100,541,151,0,149,0,149,0
U10a100,542,152,0,150,0,150,0
U10a100,543,153,0,151,0,150,0
U10a100,544,151,0,149,0,149,0
U10a100,545,154,0,151,0,151,0
U10a100,546,152,0,149,0,150,0
U10a100,547,155,0,153,0,152,0
U10a100,548,155,0,153,0,153,0
U10a100,549,149,0,148,0,148,0
U10a100,550,153,0,152,0,151,0
U10a100,551,120,0,116,0,116,0
U10a100,552,121,0,119,0,119,0
U10a100,553,119,0,117,0,117,0
U10a100,554,120,0,118,0,118,0
U10a100,555,119,0,118,0,117,0
U10a100,556,118,0,116,0,117,0
U10a100,557,120,0,118,0,119,0
U10a100,558,119,0,117,0,117,0
U10a100,559,118,0,116,0,116,0
U10a100,560,118,0,116,0,116,0
U1a100,1011,977,1,977,1,977,1
U1a100,1012,905,1,905,1,905,1
U1a100,1013,978,1,978,1,978,1
U1a100,1014,960,1,960,1,960,1
U1a100,1015,964,1,964,1,964,1
U1a100,1016,973,1,973,1,974,0
U1a100,1017,942,1,942,1,942,1
U1a100,1018,990,1,990,1,990,1
U1a100,1019,937,1,937,1,937,1
U1a100,1020,985,1,985,1,986,0
U1a100,1021,258,1,258,1,258,1
U1a100,1022,266,1,266,1,267,0
U1a100,1023,252,1,252,1,253,0
U1a100,1024,266,1,266,1,266,1
U1a100,1025,275,1,275,1,276,0
U1a100,1026,267,1,267,1,267,1
U1a100,1027,278,1,279,0,279,0
U1a100,1028,272,1,272,1,272,1
U1a100,1029,266,1,266,1,267,0
U1a100,1030,260,1,261,0,260,1
U1a100,1031,128,1,129,0,129,0
U1a100,1032,136,1,137,0,137,0
U1a100,1033,123,1,123,1,123,1
U1a100,1034,126,1,126,1,126,1
U1a100,1035,127,1,127,1,128,0
U1a100,1036,125,1,125,1,125,1
U1a100,1037,128,1,128,1,128,1
U1a100,1038,126,1,127,0,126,1
U1a100,1039,128,1,128,1,128,1
U1a100,1040,127,1,127,1,127,1
U1a100,1041,74,1,74,1,74,1
U1a100,1042,73,1,73,1,73,1
U1a100,1043,77,1,77,1,77,1
U1a100,1044,75,1,75,1,75,1
U1a100,1045,77,1,77,1,77,1
U1a100,1046,75,1,75,1,75,1
U1a100,1047,76,1,76,1,77,0
U1a100,1048,75,1,75,1,75,1
U1a100,1049,76,1,76,1,76,1
U1a100,1050,74,1,74,1,74,1
U1a100,1051,51,1,51,1,51,1
U1a100,1052,49,1,49,1,49,1
U1a100,1053,51,1,51,1,51,1
U1a100,1054,51,1,51,1,51,1
U1a100,1055,51,1,51,1,51,1
U1a100,1056,50,1,50,1,51,0
U1a100,1057,50,1,50,1,50,1
U1a100,1058,52,1,52,1,53,0
U1a100,1059,54,1,54,1,54,1
U1a100,1060,52,1,52,1,52,1
U1a100,111,117,1,117,1,117,1
U1a100,112,87,1,87,1,87,1
U1a100,113,98,1,98,1,98,1
U1a100,114,115,1,115,1,115,1
U1a100,115,104,1,104,1,104,1
U1a100,116,101,1,101,1,101,1
U1a100,117,114,1,114,1,114,1
U1a100,118,103,1,103,1,103,1
U1a100,119,114,1,114,1,114,1
U1a100,120,98,1,98,1,98,1
U1a100,121,30,1,30,1,30,1
U1a100,122,36,1,36,1,36,1
U1a100,123,32,1,32,1,32,1
U1a100,124,33,1,33,1,33,1
U1a100,125,31,1,31,1,31,1
U1a100,126,29,1,29,1,29,1
U1a100,127,35,1,35,1,35,1
U1a100,128,30,1,30,1,30,1
U1a100,129,30,1,30,1,30,1
U1a100,130,29,1,29,1,29,1
U1a100,131,19,1,19,1,19,1
U1a100,132,23,1,23,1,23,1
U1a100,133,16,1,16,1,16,1
U1a100,134,18,1,18,1,18,1
U1a100,135,16,1,16,1,16,1
U1a100,136,24,1,24,1,24,1
U1a100,137,17,1,17,1,17,1
U1a100,138,19,1,19,1,19,1
U1a100,139,16,1,16,1,16,1
U1a100,140,17,1,17,1,17,1
U1a100,141,10,1,10,1,10,1
U1a100,142,12,1,12,1,12,1
U1a100,143,12,1,12,1,12,1
U1a100,144,10,1,10,1,10,1
U1a100,145,11,1,11,1,11,1
U1a100,146,12,1,12,1,12,1
U1a100,147,14,1,14,1,14,1
U1a100,148,13,1,13,1,13,1
U1a100,149,23,1,23,1,23,1
U1a100,150,14,1,14,1,14,1
U1a100,151,8,1,8,1,8,1
U1a100,152,13,1,13,1,13,1
U1a100,153,10,1,10,1,10,1
U1a100,154,11,1,11,1,11,1
U1a100,155,9,1,9,1,9,1
U1a100,156,10,1,10,1,10,1
U1a100,157,8,1,8,1,8,1
U1a100,158,11,1,11,1,11,1
U1a100,159,9,1,9,1,9,1
U1a100,160,9,1,9,1,9,1
U1a100,211,204,1,204,1,204,1
U1a100,212,204,1,204,1,204,1
U1a100,213,197,1,197,1,197,1
U1a100,214,195,1,195,1,195,1
U1a100,215,218,1,218,1,218,1
U1a100,216,183,1,183,1,183,1
U1a100,217,189,1,189,1,189,1
U1a100,218,198,1,198,1,198,1
U1a100,219,197,1,197,1,197,1
U1a100,220,206,1,206,1,206,1
U1a100,221,55,1,55,1,55,1
U1a100,222,58,1,58,1,58,1
U1a100,223,53,1,53,1,53,1
U1a100,224,60,1,60,1,60,1
U1a100,225,55,1,55,1,55,1
U1a100,226,59,1,59,1,59,1
U1a100,227,58,1,58,1,58,1
U1a100,228,56,1,56,1,56,1
U1a100,229,58,1,58,1,58,1
U1a100,230,54,1,54,1,54,1
U1a100,231,27,1,27,1,27,1
U1a100,232,27,1,27,1,27,1
U1a100,233,28,1,28,1,28,1
U1a100,234,27,1,27,1,27,1
U1a100,235,24,1,24,1,24,1
U1a100,236,31,1,31,1,31,1
U1a100,237,27,1,27,1,27,1
U1a100,238,28,1,28,1,28,1
U1a100,239,29,1,29,1,29,1
U1a100,240,30,1,30,1,30,1
U1a100,241,17,1,17,1,17,1
U1a100,242,17,1,17,1,17,1
U1a100,243,16,1,16,1,16,1
U1a100,244,17,1,17,1,17,1
U1a100,245,19,1,19,1,19,1
U1a100,246,18,1,18,1,18,1
U1a100,247,18,1,18,1,18,1
U1a100,248,17,1,17,1,17,1
U1a100,249,14,1,14,1,14,1
U1a100,250,18,1,18,1,18,1
U1a100,251,13,1,13,1,13,1
U1a100,252,16,1,16,1,16,1
U1a100,253,12,1,12,1,12,1
U1a100,254,12,1,12,1,12,1
U1a100,255,13,1,13,1,13,1
U1a100,256,12,1,12,1,12,1
U1a100,257,13,1,13,1,13,1
U1a100,258,12,1,12,1,12,1
U1a100,259,13,1,13,1,13,1
U1a100,260,12,1,12,1,12,1
U1a100,511,501,1,501,1,501,1
U1a100,512,484,1,484,1,484,1
U1a100,513,500,1,500,1,500,1
U1a100,514,469,1,469,1,469,1
U1a100,515,503,1,503,1,503,1
U1a100,516,497,1,497,1,497,1
U1a100,517,455,1,455,1,455,1
U1a100,518,467,1,467,1,467,1
U1a100,519,489,1,489,1,490,0
U1a100,520,483,1,483,1,483,1
U1a100,521,135,1,135,1,135,1
U1a100,522,130,1,130,1,130,1
U1a100,523,137,1,137,1,137,1
U1a100,524,138,1,138,1,138,1
U1a100,525,146,1,147,0,147,0
U1a100,526,134,1,134,1,134,1
U1a100,527,132,1,132,1,132,1
U1a100,528,135,1,136,0,136,0
U1a100,529,137,1,137,1,137,1
U1a100,530,124,1,124,1,124,0
U1a100,531,62,1,62,1,62,1
U1a100,532,68,1,68,1,68,1
U1a100,533,67,1,67,1,67,1
U1a100,534,66,1,66,1,66,1
U1a100,535,66,1,66,1,67,0
U1a100,536,64,1,64,0,64,0
U1a100,537,61,1,61,1,61,1
U1a100,538,66,1,66,1,66,1
U1a100,539,63,1,63,1,63,1
U1a100,540,68,1,68,1,68,1
U1a100,541,39,1,39,1,39,1
U1a100,542,39,1,39,1,39,1
U1a100,543,39,1,39,1,39,1
U1a100,544,39,1,39,1,39,1
U1a100,545,39,1,39,1,39,1
U1a100,546,38,1,38,1,38,1
U1a100,547,38,1,38,1,39,0
U1a100,548,39,1,39,1,40,0
U1a100,549,38,1,38,1,39,0
U1a100,550,37,1,37,1,37,1
U1a100,551,26,1,26,1,26,1
U1a100,552,27,1,27,1,27,1
U1a100,553,26,1,26,1,26,1
U1a100,554,27,1,27,1,27,1
U1a100,555,26,1,26,1,26,1
U1a100,556,27,1,27,1,27,1
U1a100,557,27,1,27,1,28,0
U1a100,558,26,1,26,1,26,1
U1a100,559,27,1,27,1,27,0
U1a100,560,27,1,27,1,27,1
